yaw,pitch,class
-1.129218651713294,0.14254995840423534,3.0
-1.114225321092257,0.13647715217052767,3.0
-1.40719807471522,0.07601247646525963,3.0
-1.3837255054994795,0.07010185674193778,3.0
-1.614337679037147,-0.008113320260926399,3.0
-0.6475140632230318,0.23473900796285427,3.0
-1.8166704107495355,0.13744095016902733,3.0
-1.609862769457487,0.10026481924817522,3.0
42.0,42.0,4.0
-0.5938265998597974,0.09619444383809811,3.0
42.0,42.0,4.0
42.0,42.0,4.0
42.0,42.0,4.0
42.0,42.0,4.0
-1.7649972292767826,-0.039823579360499885,3.0
-1.8597598245547997,-0.0034759578547714216,3.0
-1.8424813685604202,0.06730953233898969,3.0
1.166152701291058,-0.17544772103387515,3.0
-2.0765159704149485,-0.05545340548206593,3.0
-1.6989389831759667,-0.025972478530997767,3.0
-1.879761762237949,-0.04425507941439174,3.0
-2.030778442379764,-0.008736766272113948,3.0
-2.0266585321734114,0.028509672101516257,3.0
-2.0635429137968453,0.007296795070708105,3.0
-1.8372479907023054,0.034303112736874634,3.0
-1.9234643688842037,0.02129543502460061,3.0
-2.0047626874810525,-0.008873386436035014,3.0
-1.921879388561443,0.024776452885443185,3.0
-1.7623555066334786,0.004124437580205716,3.0
-1.9083019275339463,0.04383190311717815,3.0
-1.825652720474155,0.024183100594573532,3.0
-1.5915866933187637,0.03914580486307472,3.0
-1.2504199118711272,-0.02914510233760917,3.0
-1.0986057481408877,-0.23643837105443385,3.0
-1.0009268583111794,-0.2857284228257294,3.0
-1.0922832705549852,-0.5535657294483064,0.0
-1.030334415174216,-0.6901637891323237,0.0
-0.7462395753611412,-0.8399021519509009,1.0
-0.4514068700328669,-0.8030234961238106,1.0
-0.44929684750119714,-0.8250941773417334,1.0
-0.490433365279106,-0.8407493034936552,1.0
-0.3116250012656599,-0.7819517666307767,1.0
-0.3505582858737463,-0.8183787503369896,1.0
-0.32940346575470186,-0.7890549498902361,1.0
-0.39804937232869336,-0.7522047898868097,1.0
-0.3572870286839405,-0.7162403972619436,1.0
-0.40864049766782945,-0.7860903189647598,1.0
-0.45564901933325413,-0.8034429439954981,1.0
-0.41261206980146464,-0.772951613726854,1.0
-0.39661153165615953,-0.8378033146958095,1.0
-0.4279015439357185,-0.7296837681285546,1.0
-0.48325321666414345,-0.7481328165800785,1.0
-0.4353306981126036,-0.718844436175823,1.0
-0.43067762305601714,-0.7661954403574319,1.0
-0.4202263136741102,-0.769996836497411,1.0
-0.3793758193972757,-0.951117090653155,1.0
-0.23266626968644563,-0.8557357098958581,1.0
-0.28741473642796755,-0.9556591118922851,1.0
-0.3038006339830071,-1.005245174018743,1.0
-0.1706926469075387,-1.069551859070614,1.0
-0.23223963127981492,-0.8566784689217462,1.0
-0.11870348137144783,-0.8741405498732866,1.0
-0.4092274583720829,-0.9675236277066426,1.0
-0.3218312998272796,-0.9400553847494019,1.0
-0.3974709337399281,-0.929793026646836,1.0
-0.665131140150015,-1.0511017453546538,1.0
-0.35035268983759216,-1.1512208896912017,1.0
-0.5691297754909476,-1.2048123460971387,1.0
-0.65054793633685,-1.2041817095510081,1.0
-0.38045892701261097,-1.285616914627887,1.0
-0.478265115942425,-1.267801165883584,1.0
-0.4090540865851187,-1.2651762211551474,1.0
-0.4090231939164738,-1.2430370966972097,1.0
-0.40406279007009227,-1.2927464631821382,1.0
-0.05712746854328973,-1.267160941957529,3.0
-0.08044797126078661,-1.2637494326011374,1.0
-0.2912741894797104,-1.2405017673394543,1.0
-0.9418013531600579,-1.238339813166528,1.0
-0.9931913074508808,-1.1767721892958034,1.0
-1.0429127913187692,-1.1672331457453031,1.0
-0.8960514414258046,-1.0818375538113674,1.0
-0.515204491842369,-0.8403535577556694,1.0
-0.5505632816353512,-0.7626180160651285,1.0
-0.4132003620862631,-0.7511802718154562,1.0
-0.41022241535533654,-0.6461942005867886,1.0
-0.4569816651427298,-0.6509215778377881,1.0
-0.4143958550995997,-0.6424540571518812,1.0
-0.4125348381298523,-0.6889059781494793,1.0
-0.49318174752406785,-0.6486277971909029,1.0
-0.3787662218237566,-0.6650605663811279,1.0
-0.3698275879410146,-0.6430490073394048,1.0
-0.40286490021177457,-0.6498797492193492,1.0
-0.5067944954360079,-0.6581147759420921,1.0
-0.3904274052888866,-0.6687048360167923,1.0
-0.5388006317326892,-0.7793780877533242,1.0
-0.5688272403911145,-0.8014415784363037,1.0
-0.5279141618286632,-0.6542537249936953,0.0
-0.5474966516401248,-0.7150078863094549,1.0
-0.5403814841557603,-0.7071928400906173,1.0
-0.5009685642353505,-0.7300393001340801,1.0
-0.5162974531537377,-0.7155181479743141,1.0
-0.46666838097567503,-0.753965139367352,1.0
-0.4181658259387159,-0.7158238788674552,1.0
-0.4443952995149063,-0.7536463589848695,1.0
-0.4696425992810755,-0.7796001953882368,1.0
-0.5229857159153626,-0.6221205559130172,0.0
-0.552674902063675,-0.05915866150669317,3.0
-0.6553890305663961,-0.10939839652271098,3.0
-0.6076342911635312,0.09134322959640977,3.0
-0.5297962177710223,0.10200705923330507,3.0
-0.35617595787715944,0.14065325507588092,3.0
-0.3312937774964401,0.14293931255560494,3.0
-0.2659938665160242,0.16844547157972983,3.0
-0.26310140725608916,0.19105491028617555,3.0
-0.3088137684189723,0.1748208129132705,3.0
-0.2639504230116064,0.1575720511650453,3.0
-0.27444061454542856,0.11395373356729152,3.0
-0.2806271377576826,0.17559419489382952,3.0
-0.33586988719752325,0.16163310551130713,3.0
-0.36521446030077936,0.12572091084380663,3.0
-0.430539671311551,0.08042826386872001,3.0
-0.41653677029991437,0.11818682811997246,3.0
-0.42455847781934203,0.14584029393102824,3.0
-0.41286586905334915,0.1321396617031156,3.0
-0.421801307142783,0.1468206035282864,3.0
-0.328197852729223,0.13488697868364136,3.0
-0.3740327193022498,0.13773336525671803,3.0
-0.3900761343411051,0.11208153132096581,3.0
-0.44541981758625976,0.0771408578191262,3.0
-0.44579319277108886,0.1124847339100038,3.0
-0.4559531523297412,0.12357307142465772,3.0
-0.4357341670177506,0.11841665892204631,3.0
-0.47622912928905947,0.12715342519416023,3.0
-0.4737659715968452,0.12433020812256725,3.0
-0.4891795490378968,0.1417046710742442,3.0
-0.48078473264974897,0.16896079325066016,3.0
-0.49728967350551506,0.1610871574878409,3.0
-0.49797676906675553,0.14956152892219596,3.0
-0.5356375953060021,0.07014526626770606,3.0
-0.48882668019346126,0.1443768869120297,3.0
-0.5085993197067545,0.09647380943644743,3.0
-0.4503059192382281,0.061688398226159444,3.0
-0.5271178766627296,0.06732018498335,3.0
-0.37670626672058033,0.10179773477162482,3.0
-0.5501302516421043,0.09929063492142423,3.0
-0.5069130061045164,0.037248302586393264,3.0
-0.4537816107768906,0.08723130887332743,3.0
-0.5317922570080367,0.08661292286821103,3.0
-0.5883399553820161,0.08620306237644783,3.0
-0.5821073594829037,0.08794876447099478,3.0
-0.5160923897498015,0.07416903635870678,3.0
-0.5193939105531727,0.0792918930315832,3.0
-0.5435210847648546,0.07695070811729454,3.0
-0.6932898076198587,0.09630629660388143,3.0
-0.698068317563788,0.10693710304325973,3.0
-0.7001109621198787,0.11569837039740243,3.0
-0.5279280102663316,0.09679418771558396,3.0
-0.4639104113507889,0.1268559501003984,3.0
-0.4835610780861566,0.1497812397121275,3.0
-0.4544814895113634,0.11567040720595659,3.0
-0.49182992695474365,0.12391049393477077,3.0
-0.6000703810354882,0.12197304424173812,3.0
-0.5193462399696603,0.10628835700171645,3.0
-0.5325512579187093,0.12820936856637666,3.0
-0.6110697689697334,0.09840886228449901,3.0
-0.576067842762822,0.10063899338133135,3.0
-0.5558725595845331,0.1187932299001835,3.0
-0.4889931277615912,0.12872895129505113,3.0
-0.5554906622842157,0.12649482545658364,3.0
-0.5088645705513264,0.13115695526087637,3.0
-0.5097234400028771,0.07917924131747285,3.0
-0.48746473961199477,0.0627691089965136,3.0
-0.4504257614872817,0.08038378907851569,3.0
-0.5357632965094539,0.12224894773067033,3.0
-0.5973683377934937,0.06263115725204749,3.0
-0.5244834777124232,0.188180027889435,3.0
-0.5141746474488355,0.14199602089749888,3.0
-0.5619975637756063,0.09708393964218459,3.0
-0.49257214995054865,0.13254925587876978,3.0
-0.5539369741042635,0.139109686908071,3.0
-0.4302672299320359,0.13059183247756156,3.0
-0.34868075730524045,0.1661729962215652,3.0
-0.3790983180116895,0.16459107853405816,3.0
-0.4067390006495129,0.1580783180882694,3.0
-0.33875302539364305,0.14061064449843963,3.0
-0.3463403713392788,0.10652457939040648,3.0
-0.47709705348831627,0.09550415248354957,3.0
-1.0505909510575766,-0.1364859406021249,3.0
-1.0669847049378318,-0.25342108300976013,3.0
-1.11036427014386,-0.4187796845699791,3.0
-1.1448652557497276,-0.39687012459800625,3.0
-1.043514665725127,-0.34774918355593076,3.0
-1.0710219239923375,-0.3543594156976164,3.0
-0.9368076598000502,-0.4018971074716398,3.0
-0.903659293711834,-0.6738199695225074,0.0
-0.7354100971044429,-0.5914830181005276,0.0
-0.6584687100509637,-0.7252314954181601,0.0
-0.6328379150878232,-0.6737190357171935,0.0
-0.5874786890854845,-0.7911529881970005,1.0
-0.6940589285426736,-0.852406758533259,1.0
-0.5657076134901957,-0.8238845695746194,1.0
-0.5237617610570117,-0.7795650416618478,1.0
-0.5634604381623869,-0.8600835866915214,1.0
-0.5352823296165855,-0.9261443627953729,1.0
-0.6268593847567042,-1.0420544544994366,1.0
-0.7657669377380382,-1.1120268816123966,1.0
-0.813891057584097,-1.0319051475851448,1.0
-0.6774139054135694,-1.0376186933878009,1.0
-0.6579019893709949,-1.0569407260446526,1.0
-0.7230485022726222,-1.0150465389366161,1.0
-0.745592427216252,-1.0331485774981026,1.0
-0.7454374312408093,-1.0290409178327644,1.0
-0.6967037138212313,-0.9601975378639436,1.0
-0.9031495646791927,-0.9605569314530499,1.0
-0.8476181285771875,-0.936413112484555,1.0
-0.9178329033493446,-0.9164416679958873,1.0
-0.8741701109613866,-0.8398928308870857,1.0
-0.9468352602525256,-0.7563747675216558,0.0
-1.1170425460513973,-0.880803246288447,1.0
-1.0530359992543785,-0.804375050377026,0.0
-1.0149187072042924,-0.9926754531477325,1.0
-1.0006351090137613,-1.006500454998552,1.0
-1.0619657115474685,-0.9515161653425033,1.0
-1.0833190703257785,-0.9578676713842879,1.0
-1.067829459635605,-0.9221669317073397,1.0
-1.1028529574473462,-0.9274660896443793,1.0
-1.1944724900068517,-0.9426450425933949,1.0
-1.1779407843821301,-0.9296288427656326,1.0
-1.1856366541421868,-0.9811162687523525,1.0
-1.1828138365447571,-0.9337419619112055,1.0
-1.245537804960794,-1.0268571257388996,1.0
-1.3133372257823037,-1.0916345245134418,1.0
-0.9620304584841907,-0.9183455618591848,1.0
-1.1224899089031,-0.9462187384601722,1.0
-1.2416312139577568,-0.976257331343503,1.0
-1.2053341925127399,-1.0409439163248737,1.0
-1.237136064353812,-0.9952876147029367,1.0
-1.370682807218871,-1.2175643603447652,1.0
-1.3093619252231425,-1.097930769962607,1.0
-1.4760165541278485,-1.1740622897285935,1.0
-1.332989090940162,-1.1056079975950333,1.0
-1.391215512907273,-1.0800115574099545,1.0
-1.3934582940192832,-1.0799333936319606,1.0
-1.3422081556856893,-1.1597818873313706,1.0
-1.266413259481489,-1.1262472297270383,1.0
-1.6553540882498934,-1.176504674764305,1.0
-1.4973644534259238,-1.1482874177504794,1.0
-1.4394537492060417,-1.128609586771993,1.0
-1.4961579082940635,-1.1428496422787013,1.0
-1.453930826049767,-1.1561460066531397,1.0
-1.4384699774993663,-1.0609562403362742,1.0
-1.4209433148913915,-1.0473125997556891,1.0
-1.5161491933328521,-1.0855657130213692,1.0
-1.4206299939891436,-1.0653673672078268,1.0
-1.81410964820337,-1.1298058787336567,1.0
-1.9070861944963253,-1.0399987604540046,1.0
-1.8839316067147402,-1.0174199481000947,1.0
-1.7941392689791384,-0.9155649553650331,1.0
-1.7193237502658147,-1.0524034984954846,1.0
-1.8431166656384583,-1.0305978018060247,1.0
-1.7689890414347025,-1.0686249458532118,1.0
-1.8381518675762782,-0.9164837459411105,1.0
-2.115099448813853,-1.0605767398809378,1.0
-1.7793993381358222,-0.9458167342936248,1.0
-1.326295501856357,-0.8623739052289895,1.0
42.0,42.0,4.0
42.0,42.0,4.0
42.0,42.0,4.0
42.0,42.0,4.0
42.0,42.0,4.0
42.0,42.0,4.0
42.0,42.0,4.0
42.0,42.0,4.0
42.0,42.0,4.0
42.0,42.0,4.0
42.0,42.0,4.0
42.0,42.0,4.0
42.0,42.0,4.0
42.0,42.0,4.0
42.0,42.0,4.0
42.0,42.0,4.0
42.0,42.0,4.0
42.0,42.0,4.0
42.0,42.0,4.0
42.0,42.0,4.0
42.0,42.0,4.0
42.0,42.0,4.0
42.0,42.0,4.0
42.0,42.0,4.0
42.0,42.0,4.0
42.0,42.0,4.0
42.0,42.0,4.0
42.0,42.0,4.0
42.0,42.0,4.0
42.0,42.0,4.0
42.0,42.0,4.0
42.0,42.0,4.0
42.0,42.0,4.0
42.0,42.0,4.0
42.0,42.0,4.0
42.0,42.0,4.0
42.0,42.0,4.0
42.0,42.0,4.0
42.0,42.0,4.0
42.0,42.0,4.0
42.0,42.0,4.0
42.0,42.0,4.0
42.0,42.0,4.0
42.0,42.0,4.0
42.0,42.0,4.0
42.0,42.0,4.0
42.0,42.0,4.0
42.0,42.0,4.0
42.0,42.0,4.0
42.0,42.0,4.0
42.0,42.0,4.0
42.0,42.0,4.0
42.0,42.0,4.0
42.0,42.0,4.0
42.0,42.0,4.0
42.0,42.0,4.0
42.0,42.0,4.0
42.0,42.0,4.0
42.0,42.0,4.0
42.0,42.0,4.0
42.0,42.0,4.0
-1.588686910365831,-0.3839018616698654,0.0
42.0,42.0,4.0
42.0,42.0,4.0
42.0,42.0,4.0
42.0,42.0,4.0
42.0,42.0,4.0
42.0,42.0,4.0
42.0,42.0,4.0
42.0,42.0,4.0
42.0,42.0,4.0
42.0,42.0,4.0
42.0,42.0,4.0
42.0,42.0,4.0
-1.1698249341181681,-0.3881943447148551,0.0
42.0,42.0,4.0
42.0,42.0,4.0
42.0,42.0,4.0
42.0,42.0,4.0
42.0,42.0,4.0
42.0,42.0,4.0
-1.8538631864272008,-0.6974946726649849,0.0
-2.0697392907051326,-0.6872508235319951,0.0
-1.8903263891242388,-0.5831806134022056,0.0
-1.7973823333965824,-0.9316923931362805,1.0
-1.7942440643680329,-0.9148640113661243,1.0
-1.8035073375876556,-0.8854235644636254,1.0
-1.6345097927139522,-0.8943813731062159,1.0
-1.4302578539619981,-1.0912121471645553,1.0
-1.2867883060333585,-0.9176527405016007,1.0
-1.340372305588243,-0.9748575738745574,1.0
-1.3078553749944848,-1.0556863771712253,1.0
-1.2208417795402713,-1.0706052724397945,1.0
-1.215654474369015,-1.0219150977040394,1.0
-1.167847936482948,-0.9828174960566951,1.0
-1.0737713715017354,-0.8375324712129485,0.0
-1.0176834678899582,-0.8568622270369616,0.0
-0.7202628357723994,-0.7872455982456363,1.0
-0.537618188208694,-0.7143072086266551,1.0
-0.5892132059034532,-0.7110171394159711,0.0
-0.540681089778394,-0.6485702729113572,0.0
-0.45250302713754353,-0.6592234499038921,1.0
-0.41390956188455125,-0.6755608779270922,1.0
-0.47174330074892995,-0.8040195183715002,1.0
-0.4408429089368496,-0.7976849234026377,1.0
-0.44089164478479803,-0.7865545079427606,1.0
-0.5335552696496692,-0.7580834516770505,1.0
-0.6318285770346831,-0.9662447777511866,1.0
-0.5762776998567202,-0.927926816512963,1.0
-0.5246483273838991,-0.9470874616077561,1.0
-0.5734920333564973,-0.9280112387195185,1.0
-0.582724680223584,-0.8964418608416103,1.0
-0.508544991220517,-0.950795780267637,1.0
-0.43960853377159786,-0.836677063870815,1.0
-0.38307361857085076,-0.8514184594527306,1.0
-0.3726867576873237,-0.8838522994204786,1.0
-0.3390803278916138,-0.9259701920600818,1.0
-0.4574397288502234,-1.0114407519787034,1.0
-0.34547244714002195,-0.9853317864418389,1.0
-0.37879924502127355,-0.9584909842374209,1.0
-0.4626565951095796,-0.9809234558894308,1.0
-0.5111215995751686,-0.9623843925930623,1.0
-0.5075015647054238,-1.0401548216938832,1.0
-0.49506620031140786,-0.9767955561998081,1.0
-0.21045870198849287,-1.0181440616004873,1.0
-0.32359963879109216,-0.9728333051299881,1.0
-0.3379974865923876,-1.0517133402989904,1.0
-0.28568900804159625,-1.1071911137050308,1.0
-0.43362787291160687,-1.13402219537147,1.0
-0.4955346503471528,-1.159695867228161,1.0
-0.31056612841624437,-1.0773448010524036,1.0
-0.36605495394080834,-0.9276184224587317,1.0
-0.20351184628502114,-0.9758940761708162,1.0
-0.2686469075939612,-0.9167292893936158,1.0
-0.36575881042759156,-0.9426354552134707,1.0
-0.2895055841997888,-0.9127507930411465,1.0
-0.4880722066566418,-0.9125289517223428,1.0
-0.3385109440505548,-0.888167951966952,1.0
-0.4608989087901273,-1.0633256547581176,1.0
-0.6775388076686941,-1.022469301526885,1.0
-0.4771500503940089,-1.0489722817470264,1.0
-0.43895259719511137,-0.9484054600312364,1.0
-0.5187480939888285,-0.8883256111034847,1.0
-0.4156579271401883,-0.9272660862465143,1.0
-0.330349154257789,-0.9379469601143862,1.0
-0.42981076412119634,-0.9774902417701551,1.0
-0.44629812811376784,-0.9254604630274407,1.0
-0.5523904764592544,-0.9108695360471145,1.0
-0.6305710323679476,-0.9960645919509673,1.0
-0.4989445618068903,-0.8908524183457519,1.0
-0.5461261889431701,-0.8533449901852939,1.0
-0.5819212045227071,-0.8568941849700425,1.0
-0.5661808572159028,-0.9033735365268685,1.0
-0.5548882552456398,-0.8944002815499554,1.0
-0.5658351789064106,-0.9246591178554358,1.0
-0.5330876185622512,-0.9085179648045745,1.0
-0.5593162931901146,-0.8456724230847756,1.0
-0.5633597706731819,-0.8724659541798448,1.0
-0.557617196414644,-0.8491158903742482,1.0
-0.5728134599107452,-0.9089456684756412,1.0
-0.5082214171480723,-0.8909379058167435,1.0
-0.5192516977509625,-0.8529316675841137,1.0
-0.5545010316231423,-0.8542619165486083,1.0
-0.5382288510466492,-0.8256800727815509,1.0
-0.5456627989134963,-0.8309342232961682,1.0
-0.50414172067418,-0.8582268307795181,1.0
-0.4531264731487311,-0.9451899593310746,1.0
-0.657605046909451,-1.0324428398092316,1.0
-0.6485846539812437,-0.9247440726942092,1.0
-0.5764462779537223,-0.9790009198985026,1.0
-0.5723902836135315,-0.9804685879752454,1.0
-0.46217695979725637,-1.0154345615074407,1.0
-0.5802649846407869,-1.0917463772792253,1.0
-0.6588111925671479,-1.0806607029256614,1.0
-0.7203102400398027,-1.0210102887236852,1.0
-0.5548296657016581,-1.032501562511268,1.0
-0.4491429167901905,-1.0734234295053164,1.0
-0.3746649537450345,-1.025220879565155,1.0
0.21048879570881074,-1.2843421925721206,2.0
-0.21659435882392641,-1.2889290880756186,1.0
-0.1286202943225759,-1.2134010406126443,1.0
0.18079135376111918,-1.2610809451888778,2.0
0.24541615340519998,-1.257166231544516,2.0
0.7373321004631532,-1.2930483324916986,2.0
0.5371968761242434,-1.2482192087043402,2.0
-0.11665923891870301,-1.1895232714370485,1.0
0.30989847393096154,-1.234428295315474,2.0
0.2101814669190156,-1.2187437412335067,2.0
0.16408001792087196,-1.2073632549472713,2.0
0.014933675812619326,-1.1888883738331735,2.0
0.1598266833439064,-1.220161341881756,2.0
-0.18066645150599442,-1.2133665526765278,1.0
-0.22615004713123976,-1.2316237203715115,1.0
0.42273314720820176,-1.1901162242537546,2.0
0.13622122238977102,-1.1977464470929404,2.0
0.11138218521871099,-1.168180831619208,2.0
-0.5459733234965995,-1.1671544493350914,1.0
-0.4666209767082715,-1.1877107239991405,1.0
-0.1632986464570427,-1.2246253325009469,1.0
0.06404662737142461,-1.2066647077933434,2.0
-0.2600108088110522,-1.167188670955099,1.0
-0.05117343929419959,-1.2134090300959146,1.0
-0.1393392513940358,-1.2183666376231517,1.0
0.6407110182184244,-1.2479984326499727,2.0
1.078934708223181,-1.221119680400021,2.0
1.3383838563603354,-1.2444847910657766,2.0
0.9552087713519528,-1.1740947802938924,2.0
0.634750331066609,-1.1832609812917816,2.0
0.45184709056105704,-1.2090632838291233,2.0
0.7280816104167629,-1.1738168794341426,2.0
0.1729984117793293,-1.2127235324313281,2.0
0.2022052994542283,-1.225133463636934,2.0
0.03272146136547657,-1.2125276569331527,2.0
-0.007544735368194482,-1.2223987966715861,2.0
0.14782301736259224,-1.2383219699872243,2.0
0.2704594550318691,-1.1900345983663436,2.0
0.3926905595832359,-1.2521875850446673,2.0
0.24715573022923973,-1.1954539980266004,2.0
0.09173258374777936,-1.175394935538069,2.0
0.2645179426399023,-1.138555960811221,2.0
0.11598412758236792,-1.152826642670465,2.0
-0.13013083929286884,-1.16241815049444,1.0
-0.38107358459220125,-1.1883767805877692,1.0
-0.3220869632919272,-1.1292147901297136,1.0
-0.26053997891965097,-1.191255391410036,1.0
0.022267222506370525,-1.22693708948519,1.0
-0.301814448442026,-1.205639923405881,1.0
1.0235252448991012,-1.318079783051517,2.0
0.9180241183156124,-1.2974196451049547,2.0
0.8516102070512163,-1.3074845298126911,2.0
1.2297631028759275,-1.3350005765114987,2.0
0.9692574787343388,-1.3083255560849383,2.0
1.0961363320201118,-1.274321915812643,2.0
0.4318251791697323,-1.2900211172806055,2.0
-0.14473082102090123,-1.2204553548661008,1.0
-1.1491638640652246,-1.1942341370892895,1.0
-1.2773439378596103,-1.1912420756045856,1.0
-1.0404110177907488,-1.1094472106224913,1.0
-1.0448995094919682,-1.0851649072773124,1.0
-0.9453675921757829,-1.1366992048992177,1.0
0.0045044706677600235,-1.251353616149309,2.0
-1.1939118945973899,-1.1078859324334323,1.0
-1.1372805729651818,-1.0933077886263385,1.0
-1.3492805794345581,-1.017131794070148,1.0
-1.07952153576938,-1.172605274296211,1.0
-1.29457538906075,-0.7484902127983671,0.0
-1.6206136844620276,-0.9582393155144084,1.0
42.0,42.0,4.0
42.0,42.0,4.0
42.0,42.0,4.0
42.0,42.0,4.0
42.0,42.0,4.0
42.0,42.0,4.0
42.0,42.0,4.0
-1.0661579265774168,-0.6015234017262353,0.0
-1.163329750535574,-0.6345580508359053,0.0
-1.0017890567140928,-0.652900839159935,0.0
-1.2228628524915324,-0.9520250954268175,1.0
42.0,42.0,4.0
42.0,42.0,4.0
42.0,42.0,4.0
42.0,42.0,4.0
42.0,42.0,4.0
-1.3050019310445191,-0.27344752177493803,3.0
-1.0709835744726406,-0.4375011744010182,0.0
-1.4704121979298859,-0.6740122497532112,0.0
-1.3822783437631305,-0.565146751764625,0.0
-1.3252194516179103,-0.2801046255518091,3.0
-1.320760121530627,-0.3625481034173921,3.0
-1.245309039423156,-0.35397538786842697,3.0
-1.5342110181618784,-0.30178888209556126,3.0
-1.5003040506371532,-0.48852654193860934,0.0
-1.2248232053699397,-0.2500117041822407,3.0
42.0,42.0,4.0
-1.13376586611655,-0.5860475063156759,1.0
42.0,42.0,4.0
42.0,42.0,4.0
42.0,42.0,4.0
42.0,42.0,4.0
42.0,42.0,4.0
42.0,42.0,4.0
42.0,42.0,4.0
42.0,42.0,4.0
42.0,42.0,4.0
42.0,42.0,4.0
42.0,42.0,4.0
42.0,42.0,4.0
42.0,42.0,4.0
42.0,42.0,4.0
-1.4452943277926946,-0.3926711185072783,3.0
42.0,42.0,4.0
-1.2686836043107816,-0.38617540229246605,0.0
42.0,42.0,4.0
42.0,42.0,4.0
42.0,42.0,4.0
42.0,42.0,4.0
42.0,42.0,4.0
42.0,42.0,4.0
42.0,42.0,4.0
-1.366117083846039,-0.34051816856414757,3.0
-1.6226403500515783,-0.7355187540769182,0.0
-1.4125893780259764,-0.5308795917024665,0.0
42.0,42.0,4.0
-1.5848317183718321,-0.4812819448252668,0.0
42.0,42.0,4.0
42.0,42.0,4.0
42.0,42.0,4.0
42.0,42.0,4.0
-1.201799245639823,-1.1172027351909657,1.0
-1.1569562734147962,-0.8262989914188852,0.0
-1.2626350328429938,-0.9966688632023063,1.0
-1.026401458876387,-0.9602506679276908,1.0
-0.7173520007009426,-0.9854084854812333,1.0
-0.788885572844907,-0.8955574250435949,1.0
-0.7025632008516237,-0.7731193928755289,1.0
-0.7566205772902701,-0.8023696900761962,1.0
-0.8299826758386828,-0.7983717526477694,1.0
-0.8405953727826485,-0.7356886637544652,0.0
-0.8976243043656054,-0.7272640199621085,0.0
-0.8146529879719687,-0.7186566833189725,0.0
-0.8368136840347361,-0.7617607445102319,0.0
-0.8749855708871688,-0.8076864248764305,0.0
-0.9017016039945166,-0.7431457811227961,0.0
-0.6517450272468407,-0.7257851666087877,1.0
-0.8302412687805295,-0.6879823938834397,0.0
-0.7044670947149213,-0.6968232897541758,0.0
-0.6266348802768106,-0.7993821559653453,1.0
-0.7720069904882029,-0.8357335058965999,1.0
-0.73177621379703,-0.7914150432482643,1.0
-0.44271324697041226,-0.7012497298019966,1.0
-0.44331698558953314,-0.7029216623343483,1.0
-0.6059173512087571,-0.7675035850848788,1.0
-1.0181603068831369,-0.971251920074699,1.0
-1.0424021301797466,-0.9519442684877336,1.0
-0.9253624586993258,-0.9857481716782729,1.0
-0.9545393858119613,-0.8934996004692907,1.0
-0.9676811536851209,-0.9288511997273294,1.0
-0.8526006366606168,-0.9310254044412701,1.0
-0.8587038029307513,-0.907126196818899,1.0
-0.7414807728092785,-0.85159848914242,1.0
-0.48732012996480345,-0.9261291827771596,1.0
-0.5167158357609891,-0.9761276353984161,1.0
-0.5263516852171138,-0.983499664769919,1.0
-0.4894607788490092,-0.9465110203898084,1.0
-0.3322152312336075,-0.9923701217287548,1.0
-0.2674237177052878,-0.9717151769463183,1.0
-0.26035169343058234,-0.939958445685723,1.0
-0.19598601936056628,-0.8479448984429403,1.0
-0.2799978327920969,-1.0104418002538145,1.0
-0.20741364359809628,-0.9526432151158248,1.0
-0.1471971745064236,-0.9682715764987914,1.0
-0.2666146493661217,-0.9199602364281,1.0
-0.4591465487928552,-0.9612889012786582,1.0
-0.5034495651068683,-0.9254593977630046,1.0
-0.4435577353520763,-0.8744420197086836,1.0
-0.4675112714606851,-0.8418854080146829,1.0
-0.46845509575100913,-0.8096987093960943,1.0
-0.4238751106836277,-0.8291725422350806,1.0
-0.17245539323306214,-0.8333550367270501,1.0
-0.3132450021567551,-0.8782346274170656,1.0
-0.3024679881735315,-0.7854650087408093,1.0
-0.24632216080804495,-0.7622872514577406,1.0
-0.34323086445050227,-0.7458768528206723,1.0
-0.326449753789695,-0.7321077773527448,1.0
-0.14761156237203996,-0.5576571438309952,1.0
-0.07667507094447135,-0.5040298679083967,1.0
-0.0690744091933852,-0.4357706523246847,1.0
-0.026168220871118593,-0.3985553729358084,1.0
-0.07271921146126765,-0.4534367314157253,1.0
-0.0005784385887652105,-0.4306954662353206,1.0
0.032001608922828155,-0.47455266938285456,2.0
-0.09254751104134361,-0.3432609581708202,1.0
-0.06942461487673063,-0.3786660869667696,1.0
-0.07217273080558338,-0.37797632824443905,1.0
0.02367390419415038,-0.30925265736661733,2.0
-0.021839785151412806,-0.31556275125345107,1.0
-0.037742318968602966,-0.40316610373106254,1.0
-0.05257266413092721,-0.4481274534665433,1.0
-0.0051058124418999155,-0.4747047358810981,1.0
-0.008993495001197588,-0.49243526347051864,1.0
-0.12352886295056241,-0.46857813379337077,1.0
-0.06950397707721498,-0.43948656099367217,1.0
-0.19500810660828916,-0.49522678892513966,1.0
-0.1568284965886952,-0.44134251795734847,1.0
-0.12835690769076705,-0.4896301558943382,1.0
-0.17903739586719297,-0.5223169961656436,1.0
-0.17291079377946567,-0.5247865454444742,1.0
-0.1487162415922048,-0.5062530747863947,1.0
-0.28538274451623713,-0.5957177105498626,1.0
-0.32553309374248973,-0.6767355982839262,1.0
-0.34249956041516655,-0.7261873039333895,1.0
-0.35736905404551494,-0.7787381301433781,1.0
-0.3736004882573299,-0.7720607863422224,1.0
-0.321609991140694,-0.7932270580539542,1.0
-0.37299382016100985,-0.8246853821144062,1.0
-0.3398635635682061,-0.7497221911186378,1.0
-0.3077980387792161,-0.7812369741941995,1.0
-0.3480874050143708,-0.7481093807624858,1.0
-0.37926263505094737,-0.7725622595754844,1.0
-0.37483379815814555,-0.7681672448285266,1.0
-0.33307516594959413,-0.770870087018848,1.0
-0.3205753530571982,-0.7779993692569901,1.0
-0.3360416610878334,-0.7819994372142891,1.0
-0.3753549787834741,-0.7647906228824152,1.0
-0.39985153343834995,-0.8067396711089073,1.0
-0.40201961288178345,-0.8096244072016812,1.0
-0.38131353540641744,-0.8038682508215838,1.0
-0.41608696239180004,-0.8293871930189411,1.0
-0.4208747933995445,-0.7878280315760365,1.0
-0.3848424901668814,-0.776482965332299,1.0
-0.3288838830260274,-0.7387113515917052,1.0
-0.3579690642391098,-0.7789615693588358,1.0
-0.3217753734443879,-0.7789258830002287,1.0
-0.37424737008611014,-0.8148836177223695,1.0
-0.40702768731167743,-0.8743717122559056,1.0
-0.4288035565969283,-0.9209304260132158,1.0
-0.41399638093608776,-0.8934162435271712,1.0
-0.35351625889649735,-0.929808872455322,1.0
-0.4100093624681302,-0.9120276116471354,1.0
-0.4020425160671581,-0.8864060045897557,1.0
-0.5372698467381116,-0.9212991406661374,1.0
-0.41755116835912554,-0.9166077160898537,1.0
-0.4809706212938365,-0.9334185209968154,1.0
-0.49223499375654467,-0.94113236709423,1.0
-0.5421191967670369,-0.9080575042520999,1.0
-0.4823594598023129,-0.9837397487421896,1.0
-0.5811688615147598,-1.0079950210023043,1.0
-0.5468111539755385,-1.025894925637054,1.0
-0.6823649881961357,-1.089921845616412,1.0
-0.5416643288528513,-1.1488669216036806,1.0
-0.5251801606535879,-1.1616223979607243,1.0
-0.44711358803955015,-1.073925302212742,1.0
-0.46056414944110435,-1.0996905868109315,1.0
-0.5077875882064984,-1.0719473724711401,1.0
-0.5368996673465906,-1.0107236958551995,1.0
-0.4110551858282043,-1.044146367535694,1.0
-0.45384259716585335,-1.0575461957184822,1.0
-0.4005801743125956,-1.1025564144599658,1.0
-0.49936880336853995,-1.0145641073051481,1.0
-0.46443958145938763,-1.0403465692923688,1.0
-0.4465940053108757,-1.0067163042049028,1.0
-0.45873509040443794,-1.083173129098042,1.0
-0.471073782050884,-1.073556454401766,1.0
-0.5762497366652743,-1.0874273957813891,1.0
-0.58379953203954,-1.0772609114780662,1.0
-0.5094848207692059,-1.0832445018152563,1.0
-0.5353102928080313,-1.0696570539336718,1.0
-0.5324588462288834,-0.9730554127649007,1.0
-0.5518005862778019,-0.8396134652887365,1.0
-0.5390696110027872,-0.8673236564310108,1.0
-0.5243873375970713,-0.854453131514876,1.0
-0.5318463191781653,-0.8760404489949493,1.0
-0.508951922235081,-0.8448803989765861,1.0
-0.494937036998539,-0.8889807487316441,1.0
-0.508076807500881,-0.9201666314125811,1.0
-0.41043893035195994,-0.844477196387548,1.0
-0.40110827915675834,-0.7810614718783632,1.0
-0.4235981419302595,-0.7597663031698717,1.0
-0.24283075661895104,-0.41516178022910644,1.0
-0.11214997456098084,-0.3885408219726744,1.0
-0.1081959792905402,-0.28077973688814417,1.0
0.06296618291717947,-0.29850733500036564,2.0
-0.0668392180904817,-0.2738075811543167,1.0
-0.1384582777054376,-0.28495797032236947,1.0
-0.22697376285640125,-0.302924453984371,0.0
-0.16356948993990375,-0.30863187451651986,1.0
-0.12930232987774518,-0.31323674635737586,1.0
-0.16221607147392547,-0.23071417260741756,0.0
-0.17052193828166462,-0.24125336630529712,0.0
-0.15596643134383653,-0.22732796328138177,0.0
-0.13772084839959467,-0.2588848243021667,1.0
-0.1347610111640806,-0.3156575597882579,1.0
0.023596406206429076,-0.29139376541265494,2.0
0.05828354677249314,-0.2752190565320587,2.0
0.01532196469955288,-0.2633615980945899,1.0
-0.00514123248439797,-0.21931131576802526,1.0
0.007251787648285765,-0.17206630539780157,1.0
0.008712797822303235,-0.24989612299093125,1.0
0.02690698175750657,-0.23435418118533782,2.0
0.016283632169180492,-0.18670996296771125,2.0
0.08793917709107049,-0.1965620611043504,2.0
0.05572345001659996,-0.19992536724501145,2.0
0.03253770325026111,-0.1772099347271806,2.0
0.08005195920669182,-0.18900560782735956,2.0
0.1412886853119738,-0.20117545506069467,2.0
0.08341659692789792,-0.17980704942222586,2.0
0.100358296202437,-0.22024901478784215,2.0
0.11576761258574447,-0.1769342975543574,2.0
0.05539881067971931,-0.19320887497583164,2.0
0.026354375831315134,-0.2289583505007283,2.0
0.039613455950492635,-0.25405970903916114,2.0
-0.03741288594176016,-0.21098574156821953,1.0
-0.06438591409430071,-0.27765398471671815,1.0
-0.0756819781739808,-0.2823837588126989,1.0
-0.0740622435989946,-0.2515797734320794,1.0
-0.13478391434945527,-0.30342992195926805,1.0
-0.22612820921030108,-0.35416287440916855,1.0
-0.19397826221475553,-0.37788045444519625,1.0
-0.20369160965860153,-0.40713767586469773,1.0
-0.2540306805832793,-0.39809704291220577,1.0
-0.2582419372150216,-0.39942702556059134,1.0
-0.25133103418626596,-0.4155695101919976,1.0
-0.24408031180241624,-0.39861023405426405,1.0
-0.24446300805106064,-0.4387288916635447,1.0
-0.2386240273610619,-0.41350209823776907,1.0
-0.24993633672339147,-0.40487398893813037,1.0
-0.26478692191000036,-0.43261027905908767,1.0
-0.2292078886948687,-0.43429925582241585,1.0
-0.07963011449002326,-0.40585722801258767,1.0
-0.01662771258201873,-0.39373744820774603,1.0
-0.07583431098833333,-0.34804506075303854,1.0
0.0036437370034464135,-0.32648916857382815,1.0
-0.015657522996902866,-0.32143155934765866,1.0
-0.031772310752972335,-0.34421543510550456,1.0
-0.022411033205234805,-0.31527646143626753,1.0
0.11776498340330392,-0.3623550242383613,2.0
0.10849984597091825,-0.34077196781603214,2.0
0.11423576232673091,-0.3322035133248112,2.0
0.034983550395389876,-0.3544496968585701,2.0
0.11926327783258248,-0.3586961072167014,2.0
0.001356081627068348,-0.4266280203024426,1.0
-0.09331929512524856,-0.5044213525886383,1.0
-0.14975274388846366,-0.5087098408919928,1.0
-0.14379099147221228,-0.5079561663035004,1.0
-0.10830996258519558,-0.4950622055697728,1.0
-0.15323136490432515,-0.5492647242878286,1.0
-0.12601172803484328,-0.5306478966876296,1.0
-0.1639415335441878,-0.6191905460817121,1.0
-0.20173019151575816,-0.5910404007273564,1.0
-0.24120596203789368,-0.5498167975818019,1.0
-0.24583267179968837,-0.5400477900711732,1.0
-0.24787797951686924,-0.5653017477400676,1.0
-0.2791339033344752,-0.6271981388473623,1.0
-0.2515488807634344,-0.6789995515266026,1.0
-0.27782096491706615,-0.7367725703181276,1.0
-0.340463573761801,-0.7237696862958156,1.0
-0.3334184474141053,-0.7123178272923659,1.0
-0.3038839909251266,-0.7487160488588058,1.0
-0.28908480474755627,-0.712926359601449,1.0
-0.37847673621326494,-0.8321398363216469,1.0
-0.35573866682616845,-0.7133777654062174,1.0
-0.2233558585155286,-0.4899337562586072,1.0
-0.16105440060643292,-0.3905571012339734,1.0
-0.12074346276644854,-0.3569072619124952,1.0
0.19137741909418413,-0.3058105216576899,2.0
-0.01299382927460561,-0.3984925223340825,1.0
-0.00208445618520502,-0.35584759011475264,1.0
0.014703845010545488,-0.3509281989491583,1.0
-0.019354256906041853,-0.3825191484318962,1.0
0.0234057238723794,-0.3112814534850397,1.0
0.09470254099543572,-0.306821990239702,2.0
-0.028826055639017672,-0.36678093165396397,1.0
-0.24400334644691293,-0.5103013459594242,1.0
-0.38269731390882256,-0.7923500791069911,1.0
-0.39822514096063855,-0.9307549604325726,1.0
-0.3804741070308244,-0.9313324669149563,1.0
-0.43463028674591275,-0.9346382487760716,1.0
-0.3630383913740756,-0.9041125637293654,1.0
-0.4164747186465156,-0.8895389472961248,1.0
-0.5109122751134885,-0.9160740186074018,1.0
-0.44113053033457816,-0.8854483318617631,1.0
-0.4680004941529326,-0.8543127829254287,1.0
-0.5042908576952244,-0.8680997015726599,1.0
-0.5445256291280325,-0.8403785914699161,1.0
-0.5429695441030992,-0.832745172837422,1.0
-0.5504330530580462,-0.8172090899862268,1.0
-0.45074347660532815,-0.7306454355981822,1.0
-0.33298861321416656,-0.7342918357627187,1.0
-0.3125139644375283,-0.6273408842817906,1.0
-0.32152929735966457,-0.6078872914670888,1.0
-0.33098218764890086,-0.6122551419709277,1.0
-0.28610312959110357,-0.5870951938885131,1.0
-0.316299115294858,-0.5930300483777546,1.0
-0.34142470859921054,-0.5191494323651035,1.0
-0.3138740408062318,-0.5103229175642539,1.0
-0.2168018190728436,-0.5054578548848971,1.0
-0.19391780845801074,-0.5118640888870827,1.0
-0.13438843492757852,-0.43416556513569393,1.0
-0.15243161762897436,-0.43380044575024407,1.0
-0.0901573239629975,-0.44959086048554187,1.0
-0.14732873466427354,-0.4997672122676158,1.0
-0.09805386291119143,-0.46613148769991497,1.0
-0.10912302566599678,-0.4474808379538721,1.0
-0.08717112143269164,-0.5056802288359188,1.0
-0.13061446934682722,-0.4750552078805525,1.0
0.0017004283560155937,-0.475844036195434,1.0
-0.1183500798947943,-0.537923386469617,1.0
-0.04370087559154625,-0.5038567624375414,1.0
-0.061553908591110436,-0.5086328755364896,1.0
-0.03475425222553406,-0.5387500316719777,1.0
-0.17111156214700815,-0.5672735522111624,1.0
-0.14233690551702902,-0.5251535290426871,1.0
-0.13235005142923187,-0.51076686651797,1.0
-0.13139584081065647,-0.46658395876911946,1.0
-0.11629944585543331,-0.47339446062477913,1.0
-0.16067170435778852,-0.5442198982348915,1.0
-0.12879526400619412,-0.5499568798551401,1.0
-0.1851384316084555,-0.5500447641711127,1.0
-0.18792116863147929,-0.5402469945207112,1.0
-0.17036960546731209,-0.48976251500051504,1.0
-0.17194912630983808,-0.49541374283366324,1.0
-0.23620161603352582,-0.5283176307338102,1.0
-0.1853336413163583,-0.5326609801556205,1.0
-0.19658416534139805,-0.515637255519507,1.0
-0.2327296529203895,-0.5264725927306034,1.0
-0.2617325424557884,-0.5228690694596172,1.0
-0.27728433795741514,-0.507638983817672,1.0
-0.3037758665848694,-0.4747883591393266,1.0
-0.29206701253622697,-0.5291674454376545,1.0
-0.34521944683646444,-0.4416708857197552,0.0
-0.3284300803762779,-0.47845206985094857,1.0
-0.4005815058931407,-0.45210621613512175,0.0
-0.3579187304945073,-0.4428994019306088,0.0
-0.2760779259836093,-0.4463756261014892,1.0
-0.28579979554294355,-0.42219944972574985,1.0
-0.328098250504454,-0.42102845779444203,0.0
-0.303930063611985,-0.44376546191710253,1.0
-0.32041902550121054,-0.4392055974986689,1.0
-0.2943924848000842,-0.4216455122190134,1.0
-0.31037304923721365,-0.4560053502871067,1.0
-0.319726869933899,-0.49413462656209817,1.0
-0.31763389163320566,-0.5478268836152947,1.0
-0.30813705918598316,-0.49465261139411865,1.0
-0.25499687542676003,-0.4109409362174399,1.0
-0.2736792167897749,-0.399987088337835,1.0
-0.2354149182475164,-0.3994922730072983,1.0
-0.26394056931557314,-0.429396908887798,1.0
-0.22635777369626592,-0.48369716561785964,1.0
-0.22053423934058966,-0.45493129741947774,1.0
-0.1974366432063324,-0.4625916139789817,1.0
-0.22409701624689762,-0.4572517096772638,1.0
-0.2862836919130109,-0.47562618961826547,1.0
-0.3255698453655328,-0.5032927049186627,1.0
-0.26540291107013564,-0.43047202701986303,1.0
-0.303965217338374,-0.4057722731738141,0.0
-0.17396806873222714,-0.4055831887364185,1.0
-0.2021922499648869,-0.43610168324818155,1.0
-0.18493869452669953,-0.40464389181994753,1.0
-0.21209015447227542,-0.4144581730691076,1.0
-0.2620838134035699,-0.41903481540240867,1.0
-0.2479991533464678,-0.48681040093216227,1.0
-0.24064776347341307,-0.5408054594013008,1.0
-0.35440655364891077,-0.4578831451717216,0.0
-0.3248260244730737,-0.5400584427155336,1.0
-0.36670529787900574,-0.5082858656464523,0.0
-0.2664271628253801,-0.6617886066658565,1.0
-0.21072581704582782,-0.6095903829841944,1.0
-0.2976495308132511,-0.6267648425380065,1.0
-0.42330253104926074,-0.6837599519751192,1.0
-0.5040588963642785,-0.7259462878547374,1.0
-0.6923537064966959,-0.5763701115465459,0.0
-0.39909865779818454,-0.5532224479837953,0.0
-0.29563458313249713,-0.5191670092282981,1.0
-0.3294375542166549,-0.5239495139138622,1.0
-0.04235757713771028,-0.4050604102144359,1.0
-0.026380741126106916,-0.5193784642188503,1.0
-0.025011610009697184,-0.46124778289292767,1.0
-0.18816591313565756,-0.39107881449151993,1.0
-0.07512457855782721,-0.3418880986288843,1.0
0.016774719074191105,-0.2944260406298192,1.0
-0.09296562733248605,-0.29880134798471036,1.0
-0.11253080659686218,-0.23552570574886367,1.0
0.008190285616429689,-0.29825779680622516,1.0
0.03209588482541696,-0.3374565985749925,1.0
-0.0236107872763155,-0.432825196159057,1.0
-0.0028895297827359733,-0.34741788631632486,1.0
-0.03211239642417545,-0.32716055148463713,1.0
-0.06913965664009214,-0.32656426971656843,1.0
0.03663630816789305,-0.3402995230386521,1.0
-0.16703080040867974,-0.3754500536343899,1.0
-0.09030060202964374,-0.3620788544333201,1.0
-0.12016262733270225,-0.3401690281452382,1.0
0.17004177033712334,-0.35294767400376537,2.0
-0.09386178103929771,-0.344195727713438,1.0
0.12455338102191589,-0.3857109469983562,2.0
0.13783403274592304,-0.26714941211300963,2.0
-0.19320248338921545,-0.39325887815985877,1.0
-0.15375307816187167,-0.39343065205016886,1.0
-0.13948998631173432,-0.33499929983717636,1.0
0.2643496308590093,-0.25801583483847385,3.0
-0.1967878971647891,-0.27976613777726,0.0
0.005520200307516245,-0.21810197431702028,1.0
0.10217057732423591,-0.2912707273702933,2.0
-0.05058328279663803,-0.2706844921439808,1.0
-0.14524481111128654,-0.29925408537002385,1.0
0.13478098487225618,-0.3618144025370752,2.0
-0.028760808192310736,-0.3074496973086337,1.0
-0.036357741517870766,-0.3353431139339056,1.0
-0.1109419646905209,-0.3916063867034646,1.0
-0.09156853302463049,-0.2945911566174041,1.0
-0.03174567914207154,-0.30715621695650697,1.0
0.018888736347496004,-0.3590409865778667,2.0
-0.09421544883206023,-0.3144151951397359,1.0
-0.15052799008178572,-0.24163526360561446,1.0
-0.20159889767401726,-0.27521639337096865,0.0
-0.33833331120584653,-0.24943273296125745,0.0
-0.3086095039633632,-0.3260622638510885,0.0
-0.3489619871163528,-0.4004747131334285,0.0
-0.33185011184815766,-0.5365944690856675,1.0
-0.3136287636698355,-0.4374146216655906,1.0
-0.14522217424202086,-0.32513974484948505,1.0
-0.29183345330862703,-0.3835572486248091,0.0
0.0220781380689749,-0.3500022178381378,2.0
-0.3333500041740903,-0.4094852523656026,0.0
-0.31635504167774964,-0.42173925548938423,1.0
-0.4317548717169542,-0.39206844515259337,0.0
-0.4384199649770955,-0.42990317581102205,0.0
-0.28319549031295504,-0.3739701350166329,1.0
-0.22142506672522116,-0.3582468319408051,1.0
-0.41213403238579543,-0.33411273351028903,0.0
-0.31597128016466924,-0.41565047028913604,1.0
-0.2046993498150875,-0.4298017093734901,1.0
-0.45195095384357004,-0.3798794231594097,0.0
-0.4451740078176455,-0.3377865642340533,0.0
-0.5521830162103374,-0.3650948843678348,1.0
-0.3491233746784116,-0.40217487517333506,1.0
-0.389468667296458,-0.4370060927543724,1.0
-0.518728120280653,-0.3895789221655873,0.0
-0.4735960619192981,-0.5975976359633496,1.0
-0.26335467387575573,-0.48064225353142975,1.0
-0.3258422867450479,-0.45980461589821375,1.0
-0.4317921559722153,-0.4493455833491456,1.0
-0.40764847016177497,-0.424759013849425,1.0
-0.4096785978607423,-0.4221850686558634,1.0
-0.48849325242498337,-0.38822976475735316,0.0
-0.4698886753657988,-0.39730208932681715,0.0
-0.5759464026171144,-0.41502675796183947,0.0
-0.6571222158038197,-0.38907478577123533,1.0
-0.9247408769009011,-0.535201635835556,0.0
-0.9878564631552341,-0.5533627965732424,0.0
-0.9409310321158199,-0.5771645324997167,0.0
-1.2403795282454195,-0.7918936132961515,0.0
-1.211418716655244,-0.7310409150200589,0.0
-0.9521376139828733,-0.5645456763065941,0.0
-0.8267227003483169,-0.5447352199058217,0.0
-0.9370912864561436,-0.5799683084953521,0.0
-1.0445260011490847,-0.7438014513831737,0.0
-1.0197450208897885,-0.7176577315940837,0.0
-1.1235675570382004,-0.7569404229371886,0.0
-1.184572987602809,-0.7799296284150796,0.0
-1.1453173273447685,-0.7520868118505192,0.0
-1.1192515050175635,-0.8089559537680712,1.0
-1.0997064326194175,-0.8421645072969233,1.0
-1.0988564847575188,-0.8392558027543388,1.0
-1.053793934900615,-0.8648557050488344,1.0
-0.8921387251522601,-0.7644286992902734,1.0
-0.8400222605160635,-0.7488934153874052,1.0
-0.8452290067632775,-0.7103201901586975,0.0
-0.8419120396255838,-0.6349657807987964,0.0
-0.6882625584301162,-0.6100561698588493,0.0
-0.4986369667009861,-0.4755534853205064,0.0
-0.44619985746954394,-0.3784676814655587,0.0
-0.4242245174186461,-0.49712509015014816,1.0
-0.6514755153445246,-0.462335417882116,0.0
-0.8592103361700845,-0.6053964368995376,0.0
-0.8435525468570726,-0.5869354042231083,0.0
-0.8188900772662848,-0.6771286808608219,0.0
-0.8359614724859108,-0.621074998869052,0.0
-0.8585440132653466,-0.672460159469913,0.0
-0.9281815478712291,-0.6537924654928935,0.0
-0.9286163089191846,-0.6174818619263173,0.0
-0.9746786094493041,-0.6378707569158548,0.0
-0.9077845302403668,-0.6853309507021569,0.0
-0.865579285917009,-0.7056434129684093,0.0
-0.8265184358927077,-0.5576227890529333,0.0
-0.7357541775172811,-0.5421588778672791,0.0
-0.8198267110216656,-0.5364168362409593,0.0
-0.7502636117682508,-0.4605441757329287,1.0
-0.7237981821194795,-0.4194846233105231,0.0
-0.6560449671428826,-0.4196742403801368,1.0
-0.539230465932628,-0.6321883700979527,1.0
-0.5997457416986075,-0.5129306849036595,0.0
-0.6004743825728531,-0.4609092951183786,0.0
-0.6273020021298754,-0.4172888469917528,0.0
-0.6225091111160598,-0.54847776018571,0.0
-0.6279427586881484,-0.5569183829446072,0.0
-0.6652483192379784,-0.5803842942576224,0.0
-0.6277203847371269,-0.598453309621592,1.0
-0.6277582016246059,-0.6674475576661659,1.0
-0.671452951945645,-0.6912098788085068,1.0
-0.6006512164692345,-0.632332979745144,1.0
-0.5361662327823827,-0.6273382211207005,1.0
-0.7144531498543915,-0.7146587458905455,1.0
-0.6049327805537548,-0.5613890314665232,0.0
-0.5053989990248063,-0.5908776815847526,1.0
-0.7656670691971601,-0.6795127426686608,0.0
-0.6979436816247723,-0.7749409950611432,1.0
-0.3102382932860556,-0.6080071337161423,1.0
-0.5537960928825983,-0.6258681561989767,1.0
-0.912788210454462,-0.5522298878455227,0.0
-0.7282997233100404,-0.6382699647632577,0.0
-0.9703825311368427,-0.6988944301339305,0.0
-1.406749198913487,-0.71218786503117,0.0
-1.25040846027844,-0.7837009308347408,0.0
-1.361459614573654,-0.5368093861856369,0.0
-1.3607024778757446,-0.5870749538642285,1.0
-1.351644001743949,-0.545246546835117,1.0
-1.169160608584248,-0.7110371131241467,0.0
-0.5162822731355241,-0.6279491502747646,1.0
0.0018919096383922908,-0.6806251450559869,2.0
-0.31960542978819134,-0.5096960094436492,1.0
-0.412322850507082,-0.6046598065420217,1.0
0.04875662060495267,-0.541282431552534,2.0
-0.2201395588670399,-0.37363297882262886,1.0
0.19639907564563752,-0.4077555292375961,2.0
0.14718811975871735,-0.3702196052534743,2.0
0.14185513967583369,-0.4197003393588195,2.0
-0.19527708587838716,-0.45932791006308954,1.0
-0.7816095504307016,-0.5248283570735884,0.0
-0.3687737750976703,-0.4417672921512161,1.0
-0.3786759406628029,-0.5198876606192735,1.0
-0.44347863946770105,-0.5861889201695591,1.0
-0.49538737753887147,-0.5662873836595059,1.0
-0.5002963823762145,-0.5938593567412054,1.0
-0.4184912642239235,-0.5012766919734727,1.0
-0.3568204428609586,-0.5587445125040745,1.0
-0.3942764720123781,-0.5949379369826874,1.0
-0.3258987457601576,-0.5482290209398967,1.0
-0.7117788034877339,-0.600199810664466,0.0
-0.594050039075255,-0.6382084457420768,1.0
-0.14343625841501373,-0.40524043990412534,1.0
-0.5924603982205867,-0.41807447951332616,0.0
-0.19545445240698645,-0.3901768018303101,1.0
-0.1737515537356037,-0.3219324999487026,1.0
-0.10315914272087334,-0.35914005617041767,1.0
-0.08750401656895154,-0.33168712638944486,1.0
-0.17589513209700847,-0.45718992433997396,1.0
-0.10015376543071891,-0.3598780181084786,1.0
-0.1593057690346869,-0.23478827644302078,1.0
-0.07964582714045473,-0.40486014050046193,1.0
-0.09459894402903164,-0.4954283902196587,1.0
-0.043050797969457905,-0.31169051502847583,1.0
-0.08541157090047628,-0.33361632028309823,1.0
-0.09598298884754583,-0.3704158802258131,1.0
-0.6436535449068529,-0.42636623156728787,0.0
-0.7662218056522236,-0.4995046245841339,0.0
-0.8673297817015181,-0.539131928972295,0.0
-0.7391129562840891,-0.4779564555720848,0.0
-0.5356796732512253,-0.5078640209297837,0.0
-0.15919657942999366,-0.3085064396291771,1.0
-0.08237503462556793,-0.2428491324304726,1.0
-0.008281632041819406,-0.20881393369925993,2.0
-0.052586512568595624,-0.20337096506335597,1.0
0.1564420719145247,-0.19868113838372645,3.0
-0.17007692406351238,-0.32862129534254564,1.0
-0.20486473211878142,-0.4375597639449999,1.0
-0.1958808244975081,-0.5047635687887134,1.0
-0.2471014017430021,-0.45335870079578594,1.0
-0.21019664693722906,-0.47123889803846897,1.0
-0.2645589553206895,-0.5310052929059182,1.0
-0.22807870839267513,-0.4660758276331323,1.0
-0.3008312093675688,-0.4848889302056701,1.0
-0.23451610137961465,-0.4295524374954586,1.0
-0.2962215438367506,-0.48135278491026284,1.0
-0.28631911195550896,-0.43475838479434553,1.0
-0.3208784207892492,-0.448789248997428,1.0
-0.29031411990673683,-0.46145684103849893,1.0
-0.2847539721828694,-0.4723582246446293,1.0
-0.30244162287873966,-0.47234570778750595,1.0
-0.3627102899277779,-0.46874830978702686,1.0
-0.37343164384421884,-0.4630933535283526,1.0
-0.3777619437766877,-0.48282338246420464,1.0
-0.45215308777030716,-0.4893031197124764,0.0
-0.3293014666849518,-0.5123144294274151,1.0
-0.3521838794031307,-0.4580208306000787,1.0
-0.35335966502440064,-0.5354106939811273,1.0
-0.32359511141723907,-0.5939562958048842,1.0
-0.39520538260059773,-0.5354455813914073,1.0
-0.5081969160660436,-0.5698205994777141,0.0
-0.5218669219414204,-0.580942226505994,0.0
-0.5288902103681773,-0.5201955220412866,0.0
-0.5077678808144318,-0.515875075804851,0.0
-0.5302899678371229,-0.5440779517487901,0.0
-0.49161154774535715,-0.5631376630382693,1.0
-0.4020110907662952,-0.4979781006473005,1.0
-0.5769767796428661,-0.6027724242774825,0.0
-0.41382487336188667,-0.5479880048612445,1.0
-0.55126422563426,-0.6193439441605005,1.0
-0.6599140075745497,-0.6247885106930586,0.0
-0.6418511174810873,-0.6532273427095787,0.0
-0.6829362362499577,-0.6493923907398647,0.0
-0.6878385831845756,-0.5343483590222947,0.0
-0.7230655465035987,-0.5335491443791619,0.0
-0.7318603696874764,-0.5450902192791293,0.0
-0.7057565973147376,-0.47108257048248137,0.0
-0.7549305352625058,-0.5679574519790946,0.0
-0.7086554481612889,-0.48584074397926447,1.0
-0.6479742574593974,-0.578155761057444,0.0
-0.6849237533714838,-0.6458919318030645,0.0
-0.7888560117568072,-0.656262014771724,0.0
-0.7265281885529198,-0.6605824610081596,0.0
-0.740552128537168,-0.7879723749071189,1.0
-0.8484532958950365,-0.8249029623754657,1.0
-0.9592107035220148,-0.8481909745276636,1.0
-0.6971447332977484,-0.9109989656760923,1.0
-0.7060615292595518,-0.9871829497155531,1.0
-0.766937397037128,-1.0094697464559357,1.0
-0.7177954170224409,-0.8718765966306103,1.0
-0.7655395037809454,-0.9044790146953604,1.0
-0.760822512858197,-0.9062055420300588,1.0
-0.8902947524134892,-0.9052942083050337,1.0
-0.7954425417647911,-0.9084784168623868,1.0
-0.7455713882436403,-0.8290340578583966,1.0
-0.6606714105885683,-0.8094374532931575,1.0
-0.74052203481685,-0.8824991472706093,1.0
-0.7318672939063106,-0.7547776698159352,1.0
-0.7583609530626367,-0.8047252560603713,1.0
-0.7845374297331347,-0.8516493555192406,1.0
-0.7732325772218573,-0.8475547453432436,1.0
-0.7451769740861995,-0.8431472137391625,1.0
-0.7748232833409616,-0.8315203850520946,1.0
-0.7259622668212778,-0.8267733004090284,1.0
-0.6907353035022546,-0.9011689717765009,1.0
-0.8378592410787012,-0.8260838080028069,1.0
-0.6776666394010179,-0.8111040595033291,1.0
-0.7355019761620506,-0.9173641869974907,1.0
-0.8208123469411039,-0.9016257039034495,1.0
-0.7588235441439837,-0.9099198528023922,1.0
-0.7522221004338951,-0.8378789484707678,1.0
-0.873818573697496,-0.8890095108714171,1.0
-0.7867236186719808,-0.7317871327574992,1.0
-0.7858849892447147,-0.7382378415498891,1.0
-0.612503881216741,-0.7005333394687653,1.0
-0.6549695826947086,-0.7172452079412305,1.0
-0.6820323593759848,-0.719719018277805,1.0
-0.6546193770113631,-0.7577329796775961,1.0
-0.6600173382248448,-0.6338360678643848,0.0
-0.5849896987306964,-0.6329116846500183,0.0
-0.5174916145865291,-0.7213448781232985,1.0
-0.46209520075179095,-0.7418762522311553,1.0
-0.3573730487871501,-0.8213918507943052,1.0
-0.33526162120454917,-0.6414351317188169,1.0
-0.43663617967896046,-0.7481991292912215,1.0
-0.2870389643981574,-0.726237637677992,1.0
-0.2743319575729533,-0.6936243006527727,1.0
-0.15280366123325842,-0.6983852337335074,1.0
-0.19353884063489243,-0.7235321323265806,1.0
-0.37855183735600517,-0.9527139220427665,1.0
0.2839137448589494,-0.8240507508266403,2.0
0.04567640848816703,-0.82252609110257,1.0
-0.228477916240078,-0.7853446338595377,1.0
-0.36926539463489894,-0.7641967379593274,1.0
0.28643708999179945,-0.7473330693047276,2.0
-0.1701051535710672,-0.7617612771424499,1.0
0.24816080722463565,-0.672931538982857,2.0
0.44915410206676887,-0.6042416902508793,2.0
0.5835446675232194,-0.5784359256041205,2.0
-0.006549778384940878,-0.4286938343600171,1.0
0.057155165418626565,-0.46134392300827953,1.0
0.254459715834891,-0.5028096074969223,2.0
0.03666693452042897,-0.48548254881264874,1.0
0.12772813535739935,-0.5111245290523677,2.0
0.4077201091950981,-0.7591140950189113,2.0
0.377906819739988,-0.8448345926058367,2.0
-0.0653470489317103,-0.8676379094396401,1.0
-0.21056336421933297,-0.903792718082447,1.0
-0.4851949274149202,-0.8264915379656981,1.0
-0.9192053634171171,-0.8310607234479469,0.0
-1.331830749024032,-0.9157119618572055,0.0
1.3715087866309592,-0.946090773569794,2.0
1.8665563448147364,-1.0749245202537396,2.0
1.325294419602596,-0.9990699692411217,2.0
1.3062725252005962,-1.16907019426524,2.0
1.0720887863250232,-1.1538441033649298,2.0
1.135470955004473,-1.2550338384596895,2.0
0.8910116753789387,-1.2446613586460489,2.0
1.0310015370272807,-1.2476696654134025,2.0
0.42843923615980556,-1.3291456168549596,2.0
0.3765443465263034,-1.381704565706273,2.0
0.4170132098189296,-1.3448927552225436,2.0
0.22608746284562287,-1.3326810963600944,2.0
0.012947756587747241,-1.1962521474052972,1.0
0.013650831115528159,-1.1673328811281265,1.0
0.06157228440263198,-1.1466865916192328,3.0
0.10307631841097188,-0.977733521535734,2.0
0.5539343109431735,-1.034384417401954,2.0
0.941543825482647,-0.8236129271434313,3.0
1.0881250108289353,-0.906720863700989,2.0
1.1316972557398308,-0.878553940431766,2.0
1.116309510961353,-0.7095955440260869,3.0
1.280023344232339,-0.6534356019068229,3.0
1.3528272442162712,-0.7109644088263876,3.0
1.1891472330911292,-0.6275198487070439,3.0
1.0008819840468115,-0.6126889709125016,3.0
0.9820672835776197,-0.5410616554981664,3.0
1.0593911005636345,-0.4804755396471908,3.0
1.0218162944275977,-0.41846170313582365,3.0
1.0772619767425022,-0.4215690794957281,3.0
1.2311266413540483,-0.41434658661943324,3.0
1.0378575789375808,-0.4815176345817388,3.0
1.2189344235675565,-0.6970504573951596,3.0
1.458456735164302,-0.7053118494126944,3.0
1.2009338514436019,-0.597677797112161,3.0
1.0878520368172024,-0.6079703820930992,3.0
1.1996081298529604,-0.5984450538222128,3.0
1.4184219671293588,-0.6330467069172853,3.0
1.2366090247740853,-0.5562757621735711,3.0
1.0969991962132974,-0.5086909324482533,3.0
1.2096575682263744,-0.6074904804646669,3.0
1.3536331167621292,-0.5637187647881245,3.0
1.209611495539516,-0.5580113442559758,3.0
1.2852298241634441,-0.558356223617141,3.0
1.2792542233095243,-0.5973302545899056,3.0
1.3497699352848602,-0.6849842071282286,3.0
1.4095626954471014,-0.7218540745237215,3.0
1.46584753982149,-0.7439364736504407,3.0
1.1281533872772624,-0.7680407446767479,3.0
1.431103940240316,-0.8451701509031867,3.0
1.5422941115444324,-0.8354181876235346,3.0
1.3868214302666968,-0.7457223894774478,3.0
1.3836698454326968,-0.7370561969742209,3.0
1.529806016560833,-0.7423785244127442,3.0
1.4709118069503846,-0.7743244732687898,3.0
1.4345479401620067,-0.8238568726992825,3.0
1.355674696053784,-0.6865163237033512,3.0
0.7564581244637752,-0.6162035446030791,3.0
1.2770528543524646,-0.8602407131958362,3.0
1.1307350556379854,-0.7546341254331799,3.0
0.8265519917224426,-0.7508604261685375,3.0
0.9511117643309749,-0.6947433609428241,3.0
1.2432019463686854,-0.8304359458562143,3.0
1.165819539838689,-0.8111589206217847,3.0
1.1324352176778918,-0.8516709271240701,3.0
1.0589617989959137,-0.8582830234785188,3.0
0.08996317951953071,-0.8653127034918919,2.0
-0.5631049061568613,-1.0015328606172271,1.0
-0.21768945066416703,-0.9775396434083762,1.0
-0.14077576048602455,-1.1028718658910857,1.0
-0.360898807754306,-1.177548101279398,1.0
-0.838894944426633,-1.2018712841473098,1.0
-0.8444090194636421,-1.0836812602340293,1.0
-1.420139972348569,-1.195094870753603,1.0
-1.1703005746888564,-1.0496216935788423,1.0
-1.2748356395869191,-1.0134214780394497,1.0
-1.3922939599907005,-0.9238844042943318,0.0
-1.4094222136995997,-0.9768530804793537,1.0
-2.0127156854443564,-0.2908653942523832,3.0
42.0,42.0,4.0
42.0,42.0,4.0
42.0,42.0,4.0
42.0,42.0,4.0
42.0,42.0,4.0
42.0,42.0,4.0
42.0,42.0,4.0
42.0,42.0,4.0
42.0,42.0,4.0
42.0,42.0,4.0
42.0,42.0,4.0
42.0,42.0,4.0
42.0,42.0,4.0
42.0,42.0,4.0
42.0,42.0,4.0
42.0,42.0,4.0
42.0,42.0,4.0
42.0,42.0,4.0
42.0,42.0,4.0
42.0,42.0,4.0
42.0,42.0,4.0
42.0,42.0,4.0
42.0,42.0,4.0
42.0,42.0,4.0
42.0,42.0,4.0
42.0,42.0,4.0
42.0,42.0,4.0
42.0,42.0,4.0
42.0,42.0,4.0
42.0,42.0,4.0
42.0,42.0,4.0
42.0,42.0,4.0
42.0,42.0,4.0
-1.3767537492398156,-0.3814834450839645,0.0
42.0,42.0,4.0
42.0,42.0,4.0
42.0,42.0,4.0
42.0,42.0,4.0
42.0,42.0,4.0
42.0,42.0,4.0
42.0,42.0,4.0
42.0,42.0,4.0
42.0,42.0,4.0
42.0,42.0,4.0
42.0,42.0,4.0
42.0,42.0,4.0
42.0,42.0,4.0
42.0,42.0,4.0
42.0,42.0,4.0
42.0,42.0,4.0
42.0,42.0,4.0
42.0,42.0,4.0
42.0,42.0,4.0
42.0,42.0,4.0
42.0,42.0,4.0
42.0,42.0,4.0
42.0,42.0,4.0
42.0,42.0,4.0
42.0,42.0,4.0
42.0,42.0,4.0
42.0,42.0,4.0
42.0,42.0,4.0
42.0,42.0,4.0
42.0,42.0,4.0
42.0,42.0,4.0
42.0,42.0,4.0
42.0,42.0,4.0
42.0,42.0,4.0
42.0,42.0,4.0
-1.3180226582461347,-0.6345343487022036,2.0
-1.1993816280022491,-0.5750254815121649,3.0
-1.086920862542056,-0.6200017449497501,1.0
-0.9344325195818631,-0.4870266496126767,1.0
-1.0310952802976516,-0.5108768550709903,1.0
-1.2295005151924459,-0.5310705403526251,1.0
-1.2676140788170058,-0.6905201200861764,1.0
42.0,42.0,4.0
42.0,42.0,4.0
42.0,42.0,4.0
42.0,42.0,4.0
42.0,42.0,4.0
42.0,42.0,4.0
42.0,42.0,4.0
42.0,42.0,4.0
42.0,42.0,4.0
42.0,42.0,4.0
42.0,42.0,4.0
42.0,42.0,4.0
42.0,42.0,4.0
42.0,42.0,4.0
42.0,42.0,4.0
42.0,42.0,4.0
42.0,42.0,4.0
42.0,42.0,4.0
42.0,42.0,4.0
42.0,42.0,4.0
42.0,42.0,4.0
42.0,42.0,4.0
42.0,42.0,4.0
42.0,42.0,4.0
42.0,42.0,4.0
42.0,42.0,4.0
42.0,42.0,4.0
42.0,42.0,4.0
42.0,42.0,4.0
42.0,42.0,4.0
42.0,42.0,4.0
-1.8644479201797206,-0.3976325876180959,0.0
-1.7116772821439794,-0.43506704516468575,0.0
-2.084308246606466,-0.4146911996644895,1.0
-1.3052259028921949,-0.4223480541145763,0.0
-0.37423778270618585,-0.16634104168634922,0.0
-0.2891833417078892,-0.1646470049169498,0.0
-0.30490504688706294,-0.2266113066320415,0.0
-0.33900815622607267,-0.17300347178540043,0.0
-0.3620958986642966,-0.22556441800753133,0.0
-0.37587322993160355,-0.15906475295603473,0.0
-0.3235112218429016,-0.22527093765540457,0.0
-0.34809619344596804,-0.23966159492175676,0.0
-0.36498010212485243,-0.3558499869597337,0.0
-0.38231435134406916,-0.3735807808652633,0.0
-0.32985300734670725,-0.3611081322159862,0.0
-0.3619283858317306,-0.37799150826265254,0.0
-0.21055723894882578,-0.316098845580884,0.0
-0.20808715703777733,-0.370275797952475,1.0
-0.26414376850674615,-0.37968155029041684,0.0
-0.19777832677418958,-0.41210686814267655,1.0
-0.26321539055074455,-0.5472223460478467,1.0
-0.23363912243265156,-0.5503294560916422,1.0
-0.38059714507318604,-0.5124015147950607,0.0
-0.29340391940344673,-0.5447216377842623,1.0
-0.1671575668765675,-0.43906072153536857,1.0
-0.08268476026034415,-0.5502841823531108,1.0
-0.15043770892083203,-0.46969719408342214,1.0
-0.13217161963619656,-0.47732608534206306,1.0
-0.26840828836029007,-0.38668379974456213,0.0
-0.1887041379919626,-0.36438435298900174,1.0
-0.2092062173278286,-0.368427031523742,1.0
-0.253786468711319,-0.33287090149398507,0.0
-0.26333230332259905,-0.3276801342133116,0.0
-0.26831481140602825,-0.3595909293429681,0.0
-0.2738014558838095,-0.37718297255570443,0.0
-0.24016732921276282,-0.3707303995505515,0.0
-0.16573171042893908,-0.36586613581952176,1.0
-0.20468922980294518,-0.4167474263421396,1.0
-0.1229946328358925,-0.38992593205562465,1.0
-0.12347693130930587,-0.38694319163473584,1.0
-0.14178616380360062,-0.4170544888158258,1.0
-0.16337827497363605,-0.430266963615927,1.0
-0.1845642540774344,-0.45619123893119423,1.0
-0.12514620068056753,-0.39158721194361606,1.0
-0.12478800551395187,-0.35010847796563194,1.0
-0.1477412583171268,-0.43312080704005584,1.0
-0.08208155427344122,-0.40010559900634346,1.0
-0.18835766073414328,-0.3999364882771234,1.0
-0.18646868057295007,-0.4628978775043408,1.0
0.08086981597745516,-0.4318432886651448,2.0
0.0398880278588798,-0.4196966109332934,2.0
-0.01693797084901296,-0.41210686814267655,1.0
0.05204029822902038,-0.4565899141463791,2.0
0.016580041998506313,-0.3912114399138059,2.0
0.08223628393277481,-0.31375659540215933,2.0
0.1698122058511585,-0.26963813615168863,3.0
0.14723552402612075,-0.2576557754590951,3.0
0.050178748627054987,-0.30245760184528014,2.0
-0.04687829308811979,-0.2791980855167461,1.0
-0.05176572632063321,-0.35693469247172305,1.0
-0.052395830234545956,-0.3482890063088898,1.0
-0.026187129314858153,-0.349470917200667,1.0
-0.07721382843299437,-0.3521740257070974,1.0
-0.037327931102986635,-0.3087607715132797,1.0
-0.027733360643758163,-0.3229586159167101,1.0
0.07148243945103484,-0.30438466521006147,2.0
0.058806325294475686,-0.30840923424938926,2.0
-0.05817994980608905,-0.23898595095320366,1.0
-0.0737160326572843,-0.25405571429752605,1.0
-0.03609115909275384,-0.24505130033585912,1.0
-0.02275564625029106,-0.281513970400679,1.0
-0.012764797420858797,-0.26049869992275476,1.0
-0.06836041570513496,-0.26689561286112506,1.0
-0.03187031508108725,-0.2710711831342603,1.0
-0.07840559302080484,-0.27728913164737734,1.0
-0.07220096031313823,-0.25836098051574813,1.0
-0.02206695279239657,-0.2816655042667045,1.0
-0.0371790603980512,-0.27624916724170134,1.0
-0.04374907880727668,-0.2306768883521564,1.0
-0.07381403698539922,-0.19806994291355326,1.0
-0.07239803423380409,-0.19937009815772994,1.0
-0.03540912353758454,-0.196314120806864,1.0
-0.10570938578073322,-0.20307641944679322,1.0
-0.057661698657959636,-0.16427123288713963,1.0
-0.12527749452230844,-0.20379840241831368,1.0
-0.04871054791809431,-0.1477878636362032,1.0
-0.011107245958393479,-0.17926482982428577,1.0
0.023875505488669378,-0.47728161055185875,2.0
-0.021784924032957176,-0.6879768012451507,1.0
-0.06765867275789908,-0.9254660556657298,1.0
0.12934813624849453,-1.0264165057365457,2.0
-0.07833022556195558,-1.0839742079539378,1.0
0.058980229713657864,-1.1198925278919456,2.0
0.053517820001796335,-1.2179197591922364,2.0
0.03167989906314658,-1.1752210311188869,2.0
0.018974756450705562,-1.0740874887231278,3.0
0.045416750281884306,-1.1578186049757642,2.0
-0.033469543315679834,-1.1326185763189438,1.0
-0.04824023366958631,-1.2326197426192012,1.0
-0.08709149291609827,-1.20322416998107,1.0
0.1382295121677998,-1.1927045505172025,2.0
0.3510448454049038,-1.1905619042621791,2.0
0.3550824639335729,-1.3001078399092807,2.0
0.0592638563697513,-1.1872169739330398,3.0
-0.16269144572850464,-1.127134461844198,1.0
0.10754883114565093,-1.1826678953170209,2.0
0.19504725507631335,-1.1856860557804076,2.0
0.46663748830703,-1.104762443948933,2.0
0.5062117957894985,-1.1566159214274843,2.0
0.598921227025119,-1.126354155644805,2.0
0.16095080364002884,-1.1229546305133187,2.0
0.6864358962384308,-1.1855132166256617,2.0
0.47826564857464304,-1.1956440145703775,2.0
0.47874608283529335,-1.1945571785295162,2.0
0.3631337325411005,-1.1529745812690189,2.0
0.1317561665061442,-1.158851378846497,1.0
0.12290914536490097,-1.0815792271856297,1.0
0.15875928837900263,-1.1453543452839208,1.0
0.24103205761871152,-1.1331715817192989,2.0
0.11783688875273604,-1.109322441525421,1.0
0.026233734633934545,-1.119198241795762,1.0
-0.08779323586333415,-0.9289053950555126,1.0
-0.44486880955672237,-0.6808800095723075,1.0
-0.4696149024057386,-0.6178357960351887,0.0
-0.2021043656489143,-0.6039319646161031,1.0
-0.1417107963447514,-0.523670148315513,1.0
-0.17748184347447768,-0.489926299407555,1.0
-0.20800619694063888,-0.5128033858035537,1.0
-0.2500636358234973,-0.5930228578428115,1.0
-0.26230512209015544,-0.6054089537566609,1.0
-0.45578217738775806,-0.7230194738167403,1.0
-0.7208226322335339,-1.0784116633850895,1.0
-0.6881613583086932,-1.1178998176062938,1.0
-0.8279653313129478,-1.2093023025369578,1.0
-1.1717021963705652,-1.1336356375392451,1.0
0.03140559347086842,-1.2764403273017464,3.0
0.6119898911263557,-1.2948169377716203,2.0
-1.0034360886902522,-1.2794961714945579,1.0
-0.1843221727343462,-1.2750726609239362,1.0
1.0410544375101118,-1.342967156596362,2.0
0.8771515198017302,-1.2584349614878299,2.0
0.9577158712021533,-1.359223491364369,2.0
-1.5004121749774104,-1.3017440860830254,1.0
-0.49842631065876086,-1.210955060309461,1.0
-0.2828519425323348,-1.220194631395382,1.0
0.9607928875256309,-0.9964088055218601,2.0
42.0,42.0,4.0
42.0,42.0,4.0
42.0,42.0,4.0
42.0,42.0,4.0
42.0,42.0,4.0
42.0,42.0,4.0
42.0,42.0,4.0
42.0,42.0,4.0
42.0,42.0,4.0
42.0,42.0,4.0
42.0,42.0,4.0
42.0,42.0,4.0
42.0,42.0,4.0
42.0,42.0,4.0
0.1364172310460009,-0.716188998252905,2.0
0.4605910473681141,-0.6415930571714585,2.0
-0.022630211362948325,-0.9934303261587154,2.0
-0.24122060942388915,-1.216047157471747,1.0
1.0997936511451176,-1.1205617802738825,2.0
1.030167434973868,-1.2965806162035252,2.0
-1.2392767132380176,-1.1441177064317425,1.0
-1.4069115185819274,-1.0887615063294642,1.0
-1.361627660038438,-1.0915632849542822,1.0
0.09187586181442561,-1.0966417999950089,2.0
-1.3972719407002765,-1.1041199563359514,1.0
-1.4390849013950657,-1.2032404152637195,1.0
-0.5662066898784766,-1.2147512632853146,1.0
1.1396156326089635,-1.1716183067962276,2.0
0.00024660871694133745,-1.203897683420751,2.0
-0.7944358668727411,-1.035913737657932,1.0
-1.2666351008002927,-1.0737262309212585,1.0
1.2063680316479086,-1.0360054835574852,3.0
1.3192535713019693,-1.0290422494133096,3.0
1.0826844390380126,-1.075170063706245,2.0
1.0130813923682465,-0.9858913165868646,3.0
0.8377737536077097,-1.0297013817831042,2.0
-0.5819358519087026,-1.077424163252888,1.0
-1.4810002606337684,-1.1738031641545286,1.0
-1.4509836388294306,-1.1657498981761836,1.0
-1.2001743179007114,-1.077538812337816,1.0
-1.4866200631660536,-1.1231298665130458,1.0
-0.46237749582733934,-1.14874894356739,2.0
-0.986793995038347,-1.1558867479210204,1.0
-1.6113759775888699,-1.1731336454564827,1.0
-1.46319529769188,-1.1143603433595242,1.0
-0.3727482767085045,-1.1536648726235674,2.0
-0.6710039429858576,-0.9272341283134333,1.0
-0.6181841375057711,-0.590354104114443,0.0
-0.4367847840677868,-0.5340508839285328,1.0
-0.28418698518679153,-0.4495120309172755,1.0
-0.19400143171623924,-0.38022669936555603,1.0
-0.29352269638806433,-0.36582512313873455,1.0
-0.21804045529583946,-0.3991319473118105,1.0
-0.04057086236237612,-0.33543206351431426,1.0
-0.05926492163418733,-0.335523942571922,1.0
-0.13300758590237244,-0.3417046068297779,1.0
-0.0616199549861444,-0.41170313292142063,1.0
-0.11498704007024226,-0.406811438631163,1.0
-0.23505565781646473,-0.3259525416141772,1.0
-0.03823926482801175,-0.33300432586459805,1.0
-0.05015717702222535,-0.32293731062798947,1.0
0.34282393343593814,-0.3146796470359808,3.0
-0.1293025961938542,-0.37736406750982987,1.0
-0.21469232917339182,-0.3453677849091819,1.0
-0.1409014616894763,-0.32424439009100037,1.0
-0.16149115902520592,-0.4046500170904547,1.0
-0.13615144756921096,-0.3770426239662573,1.0
-0.11371538064972943,-0.42232009092313044,1.0
-0.06582322213461646,-0.4040374900397365,1.0
-0.18162865160784006,-0.4805450481516419,1.0
-0.5338098678498806,-0.6772253536083918,1.0
-0.4209309860985452,-0.6678313191792463,1.0
-0.39191424812547776,-0.5798063883010752,1.0
-0.4223677615066429,-0.574992724630757,1.0
-0.4651381286133155,-0.6472709166155075,1.0
-0.5393433839628473,-0.6692659640584719,1.0
-0.3992315495365795,-0.6243461596359964,1.0
-0.436822334639157,-0.5589823327894187,1.0
-0.49064668448242144,-0.5781003673067704,1.0
-0.43240707986791455,-0.5036594222007665,0.0
-0.4270599850312535,-0.5292249697172002,1.0
-0.49616768373826464,-0.5243300796336346,0.0
-0.3761352849828673,-0.4532412553917135,1.0
-0.44267835956013224,-0.4876618135326606,0.0
-0.2971192954402163,-0.4666547988541156,1.0
-0.20703041471723388,-0.3649052672982212,1.0
-0.22413296892161375,-0.4181820712213653,1.0
-0.20856333024068346,-0.338782852797852,1.0
-0.2910454239420726,-0.3980898523772626,1.0
-0.24566329475435933,-0.3325891390506547,1.0
-0.29064248766914363,-0.30992696975462536,0.0
-0.1454884903510288,-0.34494407597975024,1.0
-0.20258959359952675,-0.2815619073003004,1.0
-0.18403535028494467,-0.27983165154007594,1.0
-0.1417728479981502,-0.27309012555664935,1.0
-0.20101326855030885,-0.23430224954408127,0.0
-0.14821317046228885,-0.18789693386555958,0.0
-0.16452955951287732,-0.24678075714775657,1.0
-0.158570470257716,-0.26344628661725444,1.0
-0.17208920858317625,-0.33524910434742583,1.0
-0.1556063719644578,-0.32816243268672496,1.0
0.08029217633701696,-0.2781232337007901,2.0
0.18041531541519998,-0.2637839754434765,3.0
-0.020938837754639002,-0.316164891975918,2.0
-0.06802432477556696,-0.32618157346792404,1.0
-0.054258178784838365,-0.3193044925850124,1.0
-0.1738056159057323,-0.3739586834239455,1.0
-0.13615064862088394,-0.3914902728799372,1.0
-0.17773031640418208,-0.3608737740400592,1.0
-0.10491017113760043,-0.4043781083431576,1.0
-0.08568614280886346,-0.37332698161337874,1.0
-0.030159766712929355,-0.40796938107312947,1.0
-0.052314337505189525,-0.4152344845268656,1.0
-0.12804877995264488,-0.4173141470221085,1.0
-0.049594983716109625,-0.41477695345159005,1.0
-0.06318216528158489,-0.3903682831126868,1.0
-0.005902363923942616,-0.4097920485231797,2.0
-0.02589897528491158,-0.3708584975989843,1.0
0.12241539529880027,-0.3532938849454757,2.0
0.020785972308068452,-0.2663962701567352,2.0
0.0005850964914904086,-0.25077896089229257,2.0
-0.04962294690755545,-0.23803174033462823,1.0
-0.1066231163507394,-0.3230382444333035,1.0
-0.007803860942259191,-0.30438386626173447,2.0
-0.09470387257598076,-0.5832810145753016,1.0
-0.21048879570881074,-0.6140090998648539,1.0
-0.23065744727619883,-0.6399373699217563,1.0
-0.22429462279978152,-0.6513692552170305,1.0
-0.26692650552976993,-0.7036343242420535,1.0
-0.24940849819533778,-0.6179013097980046,1.0
-0.26074983601354923,-0.5742182773857619,1.0
-0.23192085089733241,-0.5009134368007859,1.0
-0.26531928781190717,-0.4985333697345821,1.0
-0.25318033324721695,-0.48662131649476664,1.0
-0.23041643119754668,-0.5048762205028238,1.0
-0.16373993224966882,-0.4689712163702665,1.0
-0.14821636625559695,-0.5013818868365308,1.0
-0.2536543759212511,-0.41925239566346817,1.0
-0.27902071898814684,-0.4322555460018891,1.0
-0.2873244552670139,-0.46652590185735576,1.0
-0.3079370557881182,-0.45133150257401766,1.0
-0.21461829329508764,-0.46866282231603534,1.0
-0.18671901771541752,-0.49526167633541973,1.0
-0.19055929600731178,-0.48264175487786126,1.0
-0.18637786677977838,-0.4307910737184545,1.0
-0.17589060472315535,-0.42069582897429114,1.0
-0.1859309883488631,-0.4048726573575853,1.0
-0.1740775246530294,-0.4538338087342561,1.0
-0.11075288025312528,-0.404524582203112,1.0
-0.12263963346258495,-0.42456620098650333,1.0
-0.09543011660524538,-0.4559635386579925,1.0
-0.058367702662939634,-0.43424039996232516,1.0
-0.09751750226764949,-0.44215131998040547,1.0
-0.03900092889977441,-0.4368516294111478,1.0
-0.06636624068088362,-0.4620075827519273,1.0
-0.13341611481359059,-0.4426285584477477,1.0
-0.13502226726701735,-0.4027570421876264,1.0
-0.11813729332369698,-0.42519870174539715,1.0
-0.1431060264398439,-0.4546306265324078,1.0
-0.186769085143911,-0.4342755536887142,1.0
-0.19959167316042453,-0.4610304689479773,1.0
-0.19286692509186545,-0.4430701105564829,1.0
-0.23062469039479086,-0.4384817503143853,1.0
-0.2494697509004096,-0.47254011854708167,1.0
-0.284975813501673,-0.4815738272807395,1.0
-0.2396429527941262,-0.4600197993142921,1.0
-0.2780611820473913,-0.4196635877357764,1.0
-0.28225246497095796,-0.38951473998331637,1.0
-0.26612436140943807,-0.41545579321345116,1.0
-0.2449777970897729,-0.4042593313585401,1.0
-0.2831246502279589,-0.4024678228932438,1.0
-0.27608085546080835,-0.4013759268463113,1.0
-0.29462178296994,-0.41678817270681784,1.0
-0.23833374280224323,-0.4302581751843296,1.0
-0.19254707944494692,-0.4080830980516759,1.0
-0.2871907645802919,-0.4810281455733822,1.0
-0.27448908407726796,-0.45154295756456997,1.0
-0.30690081980796835,-0.44224719377964833,1.0
-0.24992914618844825,-0.40477012565561726,1.0
-0.20912951828843432,-0.41220513878690057,1.0
-0.24581269809151277,-0.5369609200516624,1.0
-0.24957920682121185,-0.5313014364191351,1.0
-0.24883778277373378,-0.6268537921184151,1.0
-0.24891687865810913,-0.610483074581589,1.0
-0.31488391149158984,-0.5858986356107405,1.0
-0.21481004089357336,-0.5976493012884971,1.0
-0.19677830978486482,-0.5975718033007758,1.0
-0.22823583489698981,-0.6213503697257663,1.0
-0.21748784936964802,-0.5932926360612365,1.0
-0.23550040571850797,-0.6247949022796747,1.0
-0.3182773113525688,-0.6883381922050744,1.0
-0.34324311499151666,-0.6308099179177278,1.0
-0.3528858886664756,-0.6451292024668658,1.0
-0.28799743607447686,-0.6659130442460622,1.0
-0.2739780234640818,-0.5934958352524096,1.0
-0.27014626728767577,-0.6219975178706555,1.0
-0.29269365434072264,-0.6266489950305879,1.0
-0.3572585328602767,-0.5837153761490935,1.0
-0.370241709490522,-0.6094484364980932,1.0
-0.3671785416047128,-0.5854845140612331,1.0
-0.32805111255315966,-0.5753210923931638,1.0
-0.3737296515701987,-0.6223506530312001,1.0
-0.40162653030488776,-0.5963968166278328,1.0
-0.3469912479096942,-0.7002102980285387,1.0
-0.3455499451277433,-0.7086898029393509,1.0
-0.3611587322766977,-0.6450503728985995,1.0
-0.302989435114969,-0.6084508163537495,1.0
-0.30499825752521575,-0.5494556729379871,1.0
-0.2981661840647265,-0.5911149692378787,1.0
-0.324198051088033,-0.7303381068083871,1.0
-0.34784905209680866,-0.7511017085632989,1.0
-0.30772826395865593,-0.6939105904699563,1.0
-0.33647362581664425,-0.6585861554550362,1.0
-0.3575924932609726,-0.7153924467708623,1.0
-0.42329001419213735,-0.7456728546811723,1.0
-0.43388486795679954,-0.7844799054535889,1.0
-0.45481704780871335,-0.8105083103674784,1.0
-0.48149686192523616,-0.8074480719588684,1.0
-0.5231052918483072,-0.8013030940596195,1.0
-0.4438240514610843,-0.8157251766268346,1.0
-0.5028285159406618,-0.8308407463419063,1.0
-0.4013245278372728,-0.7004297425023611,1.0
-0.43228271024500786,-0.7368279640688011,1.0
-0.4766570992762352,-0.8301073117776985,1.0
-0.5265817823352966,-0.8401160037864344,1.0
-0.5192759325168822,-0.7507208765274175,1.0
-0.5309211370154717,-0.7318076390978927,1.0
-0.5347382458058823,-0.7376258471313889,1.0
-0.5151608160004918,-0.6617902045625105,1.0
-0.5422656706269913,-0.7181679932589429,1.0
-0.529451072093748,-0.6573094360284523,1.0
-0.5132063220764826,-0.6794395057386836,1.0
-0.5300481528101437,-0.7040676205514095,1.0
-0.4879739360124179,-0.6956323241146924,1.0
-0.5120257427652505,-0.6914034906197556,1.0
-0.5189816532164285,-0.6957724063880306,1.0
-0.5041816680905311,-0.6812118394441314,1.0
-0.5340852387065949,-0.724082874040009,1.0
-0.580908670676259,-0.7238383958519398,1.0
-0.7359025155899986,-0.6379168296027132,0.0
-0.6799044936650115,-0.6403091472099314,0.0
-0.6543173745437482,-0.6333580304487156,0.0
-0.6511234454484162,-0.6313119237832077,0.0
-0.738433317573901,-0.624733649574603,0.0
-0.891595706605993,-0.578185055829435,0.0
-0.718370926134007,-0.5069846451378395,0.0
-0.8010772579991808,-0.5116571612703835,0.0
-0.8161970887719966,-0.4951732593872291,0.0
-0.8193822294357315,-0.5436249480473677,0.0
-0.8859889535630491,-0.5698022236661926,0.0
-0.9332153218056424,-0.6006083395756842,0.0
-0.9515216248227379,-0.6145664994810075,0.0
-0.8661409465909066,-0.6141052399802057,0.0
-0.8598873117191825,-0.6185188968547941,0.0
-0.8231524665909565,-0.593444436243371,0.0
-0.7927668638175884,-0.593711018668488,0.0
-0.7382972300421978,-0.5758782256932083,0.0
-0.8534919966774663,-0.5937443081821139,0.0
-0.8775278244637584,-0.6115696443063412,0.0
-0.8714267887224959,-0.626109704909847,0.0
-0.8855921425606273,-0.5896534264316432,0.0
-0.8897970076057534,-0.5841824946042935,0.0
-0.9146231284455267,-0.6239701212900772,0.0
-0.9238979864158912,-0.6272037314856515,0.0
-0.9082270144554834,-0.6256612285822776,0.0
-0.7532820385477468,-0.5418539459224649,0.0
